在庫登録,在庫登録用商品名,SRN,発送日,受取,購入日,仕入元,商品タイトル,取引URL,数量,仕入価格,取引ＩＤ。注文番号,仕入先住所,仕入先氏名,アカウントID,年齢,追跡番号,ポイント利用,dポイント利用,支払い金額,支払い方法,
false,,357_サミー_2/20,,,Sun Feb 01 2026 00:00:00 GMT+0900 (Japan Standard Time),駿河屋,中古PSVITAハード PlayStation Vita本体 Wi-Fiモデル ブラック[PCH-2000],https://www.suruga-ya.jp/pcmypage/action_sell_search/detail?trade_code=M2602012880,1,17370,M2602012880,茨城県 ひたちなか市新光町 35 ひたちなかファッションクルーズ2F,駿河屋 ひたちなかファッションクルーズ店,駿河屋 ひたちなかファッションクルーズ店,成人、ネットショップ運営者,,,,,,◯
,,在庫0201_1,,,Sun Feb 01 2026 00:00:00 GMT+0900 (Japan Standard Time),駿河屋,中古ニンテンドー3DSハード Newニンテンドー3DSLL本体 メタリックブルー,https://www.suruga-ya.jp/pcmypage/action_sell_search/detail?trade_code=M2602012881,1,24130,M2602012881,秋田県 秋田市千秋久保田町 ４－２ 秋田オーパ 6、 7F,駿河屋 秋田オーパ店,駿河屋 秋田オーパ店,成人、ネットショップ運営者,,,,,,◯
,,359_サミー_1/16,,,Tue Feb 03 2026 00:00:00 GMT+0900 (Japan Standard Time),駿河屋,中古ニンテンドー3DSハード Newニンテンドー2DS LL本体 ホワイト×オレンジ,https://www.suruga-ya.jp/pcmypage/action_sell_search/detail?trade_code=M2602030649,1,25650,M2602030649,埼玉県 鴻巣市袋 90-1 FUJI MALL 吹上　2Ｆ,駿河屋 鴻巣吹上店,駿河屋 鴻巣吹上店,成人、ネットショップ運営者,,,,,,◯
,,359_サミー_6/16,,,Tue Feb 03 2026 00:00:00 GMT+0900 (Japan Standard Time),駿河屋,中古ニンテンドー3DSハード Newニンテンドー2DS LL本体 ブラック×ターコイズ,https://www.suruga-ya.jp/pcmypage/action_sell_search/detail?trade_code=M2602030649,1,25630,M2602030649-2,埼玉県 鴻巣市袋 90-1 FUJI MALL 吹上　2Ｆ,駿河屋 鴻巣吹上店,駿河屋 鴻巣吹上店,成人、ネットショップ運営者,,,,,,◯
,,359_サミー_16/16,,,Tue Feb 03 2026 00:00:00 GMT+0900 (Japan Standard Time),駿河屋,中古ニンテンドー3DSハード Newニンテンドー2DSLL本体 ブラック×ライム,https://www.suruga-ya.jp/pcmypage/action_sell_search/detail?trade_code=M2602030649,1,28130,M2602030649-3,埼玉県 鴻巣市袋 90-1 FUJI MALL 吹上　2Ｆ,駿河屋 鴻巣吹上店,駿河屋 鴻巣吹上店,成人、ネットショップ運営者,,,,,,◯
,,在庫0203_1,,,Tue Feb 03 2026 00:00:00 GMT+0900 (Japan Standard Time),駿河屋,中古ニンテンドー3DSハード Newニンテンドー3DSLL本体 メタリックブラック,https://www.suruga-ya.jp/pcmypage/action_sell_search/detail?trade_code=M2602030649,1,28000,M2602030649-4,埼玉県 鴻巣市袋 90-1 FUJI MALL 吹上　2Ｆ,駿河屋 鴻巣吹上店,駿河屋 鴻巣吹上店,成人、ネットショップ運営者,,,,,,◯
,,359_サミー_2/16,,,Tue Feb 03 2026 00:00:00 GMT+0900 (Japan Standard Time),駿河屋,中古ニンテンドー3DSハード Newニンテンドー2DS LL本体 ホワイト×オレンジ,https://www.suruga-ya.jp/pcmypage/action_sell_search/detail?trade_code=M2602030663,1,26320,M2602030663,秋田県 秋田市千秋久保田町 ４－２ 秋田オーパ 6、 7F,駿河屋 秋田オーパ店,駿河屋 秋田オーパ店,成人、ネットショップ運営者,,,,,,◯
,,360_ルカ_DSiLL_2/5,,,Tue Feb 03 2026 00:00:00 GMT+0900 (Japan Standard Time),駿河屋,中古ニンテンドーDSハード ニンテンドーDSi LL本体 ワインレッド,https://www.suruga-ya.jp/pcmypage/action_sell_search/detail?trade_code=M2602030663,1,8350,M2602030663-2,秋田県 秋田市千秋久保田町 ４－２ 秋田オーパ 6、 7F,駿河屋 秋田オーパ店,駿河屋 秋田オーパ店,成人、ネットショップ運営者,,,,,,◯
,,359_サミー_3/16,,,Tue Feb 03 2026 00:00:00 GMT+0900 (Japan Standard Time),駿河屋,中古ニンテンドー3DSハード Newニンテンドー2DS LL本体 ホワイト×オレンジ,https://www.suruga-ya.jp/pcmypage/action_sell_search/detail?trade_code=M2602030666,1,26540,M2602030666,岐阜県 岐阜市正木中 １-２-1 マーサ 21 東館3階,駿河屋 岐阜マーサ21店,駿河屋 岐阜マーサ21店,成人、ネットショップ運営者,,,,,,◯
,,360_ルカ_DSiLL_3/5,,,Tue Feb 03 2026 00:00:00 GMT+0900 (Japan Standard Time),駿河屋,中古ニンテンドーDSハード ニンテンドーDSi LL本体 ワインレッド,https://www.suruga-ya.jp/pcmypage/action_sell_search/detail?trade_code=M2602030666,1,8520,M2602030666-3,岐阜県 岐阜市正木中 １-２-1 マーサ 21 東館3階,駿河屋 岐阜マーサ21店,駿河屋 岐阜マーサ21店,成人、ネットショップ運営者,,,,,,◯
,,359_サミー_13/16,,,Tue Feb 03 2026 00:00:00 GMT+0900 (Japan Standard Time),駿河屋,中古ニンテンドー3DSハード Newニンテンドー2DSLL本体 ブラック×ライム,https://www.suruga-ya.jp/pcmypage/action_sell_search/detail?trade_code=M2602030650,1,27800,M2602030650,愛知県 江南市古知野町宮前 194 三洋堂書店江南店1階,駿河屋江南店,駿河屋江南店,成人、ネットショップ運営者,,,,,,◯
,,359_サミー_14/16,,,Tue Feb 03 2026 00:00:00 GMT+0900 (Japan Standard Time),駿河屋,中古ニンテンドー3DSハード Newニンテンドー2DSLL本体 ブラック×ライム,https://www.suruga-ya.jp/pcmypage/action_sell_search/detail?trade_code=M2602030651,1,27800,M2602030651,三重県 桑名市東方字福島前 764番地,駿河屋 桑名店,駿河屋 桑名店,成人、ネットショップ運営者,,,,,,◯
,,360_ルカ_Vita1000_1/5,,,Tue Feb 03 2026 00:00:00 GMT+0900 (Japan Standard Time),駿河屋,中古PSVITAハード PlayStation Vita本体<<Wi-Fiモデル>>(クリスタル・ホワイト)[PCH-1000 ZA02],https://www.suruga-ya.jp/pcmypage/action_sell_search/detail?trade_code=M2602030648,1,20810,M2602030648,北海道 札幌市中央区南３条西５丁目 １-１ ノルベサ３Ｆ,駿河屋札幌ノルベサ店,駿河屋札幌ノルベサ店,成人、ネットショップ運営者,,,,,,◯
,,359_サミー_15/16,,,Tue Feb 03 2026 00:00:00 GMT+0900 (Japan Standard Time),駿河屋,中古ニンテンドー3DSハード Newニンテンドー2DSLL本体 ブラック×ライム,https://www.suruga-ya.jp/pcmypage/action_sell_search/detail?trade_code=M2602030656,1,28680,M2602030656,宮崎県 日向市財光寺桃ノ木 493-1,駿河屋日向店,駿河屋日向店,成人、ネットショップ運営者,,,,,,◯
,,359_サミー_8/16,,,Tue Feb 03 2026 00:00:00 GMT+0900 (Japan Standard Time),駿河屋,中古ニンテンドー3DSハード Newニンテンドー2DS LL本体 ブラック×ターコイズ,https://www.suruga-ya.jp/pcmypage/action_sell_search/detail?trade_code=M2602030661,1,27370,M2602030661,愛媛県 松山市大街道２ －５－９ 久保豊第１ビル 2階・3階,駿河屋 松山大街道店,駿河屋 松山大街道店,成人、ネットショップ運営者,,,,,,◯
,,359_サミー_1/20,,,Tue Feb 03 2026 00:00:00 GMT+0900 (Japan Standard Time),駿河屋,中古ニンテンドー3DSハード ニンテンドー3DS本体 コスモブラック,https://www.suruga-ya.jp/pcmypage/action_sell_search/detail?trade_code=M2602030661,1,9860,M2602030661-2,愛媛県 松山市大街道２ －５－９ 久保豊第１ビル 2階・3階,駿河屋 松山大街道店,駿河屋 松山大街道店,成人、ネットショップ運営者,,,,,,◯
,,360_ルカ_Vita1000_4/5,,,Tue Feb 03 2026 00:00:00 GMT+0900 (Japan Standard Time),駿河屋,中古PSVITAハード PlayStation Vita本体<<Wi-Fiモデル>>(クリスタル・ホワイト)[PCH-1000 ZA02],https://www.suruga-ya.jp/pcmypage/action_sell_search/detail?trade_code=M2602030657,1,23230,M2602030657,静岡県 浜松市中央区領家 3丁目14-1 精文館書店領家店2F,駿河屋浜松領家店,駿河屋浜松領家店,成人、ネットショップ運営者,,,,,,◯
,,357_サミー_3/20,,,Tue Feb 03 2026 00:00:00 GMT+0900 (Japan Standard Time),駿河屋,中古PSVITAハード PlayStation Vita本体 Wi-Fiモデル ブラック[PCH-2000],https://www.suruga-ya.jp/pcmypage/action_sell_search/detail?trade_code=M2602030658,1,17330,M2602030658,千葉県 市原市更級 4丁目-1-24,駿河屋 市原五井店,駿河屋 市原五井店,成人、ネットショップ運営者,,,,,,◯
,,359_サミー_2/20,,,Tue Feb 03 2026 00:00:00 GMT+0900 (Japan Standard Time),駿河屋,中古ニンテンドー3DSハード ニンテンドー3DS本体 コスモブラック,https://www.suruga-ya.jp/pcmypage/action_sell_search/detail?trade_code=M2602030653,1,10200,M2602030653,東京都 町田市旭町1丁目 24-1 ままともプラザ町田2階,駿河屋 町田旭町店,駿河屋 町田旭町店,成人、ネットショップ運営者,,,,,,◯
,,359_サミー_3/20,,,Tue Feb 03 2026 00:00:00 GMT+0900 (Japan Standard Time),駿河屋,中古ニンテンドー3DSハード ニンテンドー3DS本体 フレアレッド,https://www.suruga-ya.jp/pcmypage/action_sell_search/detail?trade_code=M2602030653,1,9560,M2602030653-2,東京都 町田市旭町1丁目 24-1 ままともプラザ町田2階,駿河屋 町田旭町店,駿河屋 町田旭町店,成人、ネットショップ運営者,,,,,,◯
,,359_サミー_10/16,,,Tue Feb 03 2026 00:00:00 GMT+0900 (Japan Standard Time),駿河屋,中古ニンテンドー3DSハード Newニンテンドー2DSLL本体 ホワイト×ラベンダー,https://www.suruga-ya.jp/pcmypage/action_sell_search/detail?trade_code=M2602030652,1,33780,M2602030652,愛知県 津島市片岡町 60 精文館書店2F,駿河屋 津島店,駿河屋 津島店,成人、ネットショップ運営者,,,,,,◯
,,359_サミー_5/16,,,Tue Feb 03 2026 00:00:00 GMT+0900 (Japan Standard Time),駿河屋,中古ニンテンドー3DSハード Newニンテンドー2DS LL本体 ブラック×ターコイズ,https://www.suruga-ya.jp/pcmypage/action_sell_search/detail?trade_code=M2602030664,1,23000,M2602030664,栃木県 宇都宮市ゆいの杜 ４丁目１－３９ 2F,駿河屋宇都宮テクノ店,駿河屋宇都宮テクノ店,成人、ネットショップ運営者,,,,,,◯
,,359_サミー_12/16,,,Tue Feb 03 2026 00:00:00 GMT+0900 (Japan Standard Time),駿河屋,中古ニンテンドー3DSハード Newニンテンドー2DSLL本体 ホワイト×ラベンダー,https://www.suruga-ya.jp/pcmypage/action_sell_search/detail?trade_code=M2602030664,1,39800,M2602030664-2,栃木県 宇都宮市ゆいの杜 ４丁目１－３９ 2F,駿河屋宇都宮テクノ店,駿河屋宇都宮テクノ店,成人、ネットショップ運営者,,,,,,◯
,,360_ルカ_Vita1000_3/5,,,Tue Feb 03 2026 00:00:00 GMT+0900 (Japan Standard Time),駿河屋,中古PSVITAハード PlayStation Vita本体<<Wi-Fiモデル>>(クリスタル・ホワイト)[PCH-1000 ZA02],https://www.suruga-ya.jp/pcmypage/action_sell_search/detail?trade_code=M2602030664,1,23000,M2602030664-3,栃木県 宇都宮市ゆいの杜 ４丁目１－３９ 2F,駿河屋宇都宮テクノ店,駿河屋宇都宮テクノ店,成人、ネットショップ運営者,,,,,,◯
,,360_ルカ_DSiLL_4/5,,,Tue Feb 03 2026 00:00:00 GMT+0900 (Japan Standard Time),駿河屋,中古ニンテンドーDSハード ニンテンドーDSi LL本体 ブルー,https://www.suruga-ya.jp/pcmypage/action_sell_search/detail?trade_code=M2602030664,1,9290,M2602030664-4,栃木県 宇都宮市ゆいの杜 ４丁目１－３９ 2F,駿河屋宇都宮テクノ店,駿河屋宇都宮テクノ店,成人、ネットショップ運営者,,,,,,◯
,,359_サミー_7/16,,,Tue Feb 03 2026 00:00:00 GMT+0900 (Japan Standard Time),駿河屋,中古ニンテンドー3DSハード Newニンテンドー2DS LL本体 ブラック×ターコイズ,https://www.suruga-ya.jp/pcmypage/action_sell_search/detail?trade_code=M2602030654,1,26710,M2602030654,香川県 高松市常磐町 1丁目３-１ 瓦町FLAG３F,駿河屋高松瓦町FLAG店,駿河屋高松瓦町FLAG店,成人、ネットショップ運営者,,,,,,◯
,,在庫0203_3,,,Tue Feb 03 2026 00:00:00 GMT+0900 (Japan Standard Time),駿河屋,中古PSPハード PSP本体 ラディアント・レッド(PSP-3000RR),https://www.suruga-ya.jp/pcmypage/action_sell_search/detail?trade_code=M2602030654,1,9860,M2602030654-2,香川県 高松市常磐町 1丁目３-１ 瓦町FLAG３F,駿河屋高松瓦町FLAG店,駿河屋高松瓦町FLAG店,成人、ネットショップ運営者,,,,,,◯
,,在庫0203_7,,,Tue Feb 03 2026 00:00:00 GMT+0900 (Japan Standard Time),駿河屋,中古ニンテンドー3DSハード ニンテンドー3DSLL本体 ミント×ホワイト,https://www.suruga-ya.jp/pcmypage/action_sell_search/detail?trade_code=M2602030654,1,18090,M2602030654-3,香川県 高松市常磐町 1丁目３-１ 瓦町FLAG３F,駿河屋高松瓦町FLAG店,駿河屋高松瓦町FLAG店,成人、ネットショップ運営者,,,,,,◯
,,360_ルカ_DSiLL_5/5,,,Tue Feb 03 2026 00:00:00 GMT+0900 (Japan Standard Time),駿河屋,中古ニンテンドーDSハード ニンテンドーDSi LL本体 ブルー,https://www.suruga-ya.jp/pcmypage/action_sell_search/detail?trade_code=M2602030659,1,9380,M2602030659,愛知県 名古屋市瑞穂区新開町 １８－２２ 3F,駿河屋 名古屋新開橋店,駿河屋 名古屋新開橋店,成人、ネットショップ運営者,,,,,,◯
,,360_ルカ_Vita1000_5/5,,,Tue Feb 03 2026 00:00:00 GMT+0900 (Japan Standard Time),駿河屋,中古PSVITAハード PlayStation Vita本体<<Wi-Fiモデル>>(クリスタル・ホワイト)[PCH-1000 ZA02],https://www.suruga-ya.jp/pcmypage/action_sell_search/detail?trade_code=S2602030646,1,23700,S2602030646,静岡市駿河区丸子新田317-1,駿河屋,駿河屋,成人、ネットショップ運営者,,,,,,◯
,,359_サミー_9/16,,,Tue Feb 03 2026 00:00:00 GMT+0900 (Japan Standard Time),駿河屋,中古ニンテンドー3DSハード Newニンテンドー2DSLL本体 ホワイト×ラベンダー,https://www.suruga-ya.jp/pcmypage/action_sell_search/detail?trade_code=M2602030665,1,27260,M2602030665,岩手県 盛岡市大通 2-8-14 MOSSビル 4階,駿河屋 盛岡MOSSビル店,駿河屋 盛岡MOSSビル店,成人、ネットショップ運営者,,,,,,◯
,,359_サミー_4/16,,,Wed Feb 04 2026 00:00:00 GMT+0900 (Japan Standard Time),アマゾン,Newニンテンドー2DS LL ホワイト×オレンジ,https://www.amazon.co.jp/your-orders/order-details?orderID=503-6464213-3594209&ref=ppx_yo2ov_dt_b_fed_order_details,1,30990,503-6464213-3594209,大阪府大阪市東淀川区東中島１－２０－１９新大阪ヒカリビル７０７,ロビンソン商店(インボイス登録済業者),ロビンソン商店(インボイス登録済業者),成人、ネットショップ運営者,,,,,,◯
,,360_ルカ_DSiLL_1/5,,,Thu Feb 05 2026 00:00:00 GMT+0900 (Japan Standard Time),駿河屋,中古ニンテンドーDSハード ニンテンドーDSi LL本体 ダークブラウン 本体のみ,https://www.suruga-ya.jp/pcmypage/action_sell_search/detail?trade_code=S2602050703,1,10200,S2602050703,静岡市駿河区丸子新田317-1,駿河屋,駿河屋,成人、ネットショップ運営者,,,,,,◯
,,在庫0205_2,,,Thu Feb 05 2026 00:00:00 GMT+0900 (Japan Standard Time),駿河屋,中古ニンテンドー3DSハード ニンテンドー3DSLL本体 レッド×ブラック,https://www.suruga-ya.jp/pcmypage/action_sell_search/detail?trade_code=M2602050705,1,15800,M2602050705,愛知県 日進市香久山 4丁目201番3 三洋堂書店香久山店2階,駿河屋 香久山店,駿河屋 香久山店,成人、ネットショップ運営者,,,,,,◯
,,359_サミー_11/16,,,Fri Feb 06 2026 00:00:00 GMT+0900 (Japan Standard Time),アマゾン,Newニンテンドー2DS LL ホワイト×ラベンダー,https://www.amazon.co.jp/your-orders/order-details?orderID=503-3133891-8919041&ref=ppx_yo2ov_dt_b_fed_order_details,1,30800,503-3133891-8919041,島根県出雲市大島町１６４－７,「インボイス登録店」Ka-Zu-Shop,「インボイス登録店」Ka-Zu-Shop,成人、ネットショップ運営者,,,,,,◯
,,在庫0207_2,,,Sat Feb 07 2026 00:00:00 GMT+0900 (Japan Standard Time),駿河屋,中古PSVITAハード PlayStation Vita本体<<Wi-Fiモデル>>(クリスタル・ブラック)[PCH-1000 ZA01],https://www.suruga-ya.jp/pcmypage/action_sell_search/detail?trade_code=M2602075365,1,19330,M2602075365,北海道 函館市美原 3-53-46,ブックマーケット函館美原店 Supported by 駿河屋,ブックマーケット函館美原店 Supported by 駿河屋,成人、ネットショップ運営者,,,,,,◯
,,在庫0207_3,,,Sat Feb 07 2026 00:00:00 GMT+0900 (Japan Standard Time),駿河屋,中古PSVITAハード PlayStation Vita本体<<3G/Wi-Fiモデル>>(クリスタル・ブラック)[数量限定版][PCH-1100 AB01] ,https://www.suruga-ya.jp/pcmypage/action_sell_search/detail?trade_code=S2602075364,1,17900,S2602075364,静岡市駿河区丸子新田317-1,駿河屋,駿河屋,成人、ネットショップ運営者,,,,,,◯
,,在庫0207_4,,,Sat Feb 07 2026 00:00:00 GMT+0900 (Japan Standard Time),駿河屋,中古PSVITAハード PlayStation Vita本体<<3G/Wi-Fiモデル>>(クリスタル・ブラック)[数量限定版][PCH-1100 AB01] ,https://www.suruga-ya.jp/pcmypage/action_sell_search/detail?trade_code=S2602075364,1,20100,S2602075364-2,静岡市駿河区丸子新田317-1,駿河屋,駿河屋,成人、ネットショップ運営者,,,,,,◯
,,360_ルカ_Vita1000_2/5,,,Sat Feb 07 2026 12:03:00 GMT+0900 (Japan Standard Time),ヤフオク,【動作確認済】 PlayStation Vita Wi‐Fiモデル クリスタル・ホワイト PCH-1000 ZA02,https://contact.auctions.yahoo.co.jp/buyer/top?aid=k1218320007&oid=76722788-9470433317-4710657,1,21520,k1218320007,東京都千代田区紀尾井町1-3 東京ガーデンテラス紀尾井町 紀尾井タワー,maccha123,maccha123,成人、ネットショップ運営者,,,,,,
,,361_ルカ_2/5,,,Mon Feb 09 2026 00:00:00 GMT+0900 (Japan Standard Time),101020002508,Newニンテンドー2DS LL ホワイト×ラベンダー,https://www.amazon.co.jp/your-orders/order-details?orderID=503-4957331-7392639&ref=ppx_yo2ov_dt_b_fed_order_details,1,29790,503-4957331-7392639,北海道札幌市白石区菊水元町７条４丁目２番２８号,ホビーショップ　プランタン,ホビーショップ　プランタン,成人、ネットショップ運営者,,,,,,◯
,,361_ルカ_1/5,,,Mon Feb 09 2026 00:00:00 GMT+0900 (Japan Standard Time),221260000088,Newニンテンドー2DS LL ホワイト×ラベンダー,https://www.amazon.co.jp/your-orders/order-details?orderID=503-4957331-7392639&ref=ppx_yo2ov_dt_b_fed_order_details,1,34980,503-4957331-7392639-2,宮城県仙台市若林区蒲町４－１１,✨中古通販ショップ Collector‘s✨全て写真付き☻【古物商取得！インボイス対応！返金保証！】,✨中古通販ショップ Collector‘s✨全て写真付き☻【古物商取得！インボイス対応！返金保証！】,成人、ネットショップ運営者,,,,,,◯
,,361_ルカ_3/5,,,Mon Feb 09 2026 00:00:00 GMT+0900 (Japan Standard Time),駿河屋,中古ニンテンドー3DSハード Newニンテンドー2DSLL本体 ホワイト×ラベンダー,https://www.suruga-ya.jp/pcmypage/action_sell_search/detail?trade_code=S2602090497,1,36000,S2602090497,静岡市駿河区丸子新田317-1,駿河屋,駿河屋,成人、ネットショップ運営者,,,,,,◯
,,361_ルカ_4/5,,,Mon Feb 09 2026 00:00:00 GMT+0900 (Japan Standard Time),駿河屋,中古ニンテンドー3DSハード Newニンテンドー2DSLL本体 ホワイト×ラベンダー,https://www.suruga-ya.jp/pcmypage/action_sell_search/detail?trade_code=S2602090497,1,37900,S2602090497-2,静岡市駿河区丸子新田317-1,駿河屋,駿河屋,成人、ネットショップ運営者,,,,,,◯
,,在庫0209_1,,,Mon Feb 09 2026 00:00:00 GMT+0900 (Japan Standard Time),駿河屋,中古PSVITAハード PlayStation Vita本体<<Wi-Fiモデル>>(クリスタル・ホワイト)[PCH-1000 ZA02] ,https://www.suruga-ya.jp/pcmypage/action_sell_search/detail?trade_code=S2602090497,1,22600,S2602090497-3,静岡市駿河区丸子新田317-1,駿河屋,駿河屋,成人、ネットショップ運営者,,,,,,◯
,,361_ルカ_5/5,,,Mon Feb 09 2026 00:00:00 GMT+0900 (Japan Standard Time),駿河屋,中古ニンテンドー3DSハード Newニンテンドー2DSLL本体 ホワイト×ラベンダー,https://www.suruga-ya.jp/pcmypage/action_sell_search/detail?trade_code=M2602090499,1,40300,M2602090499,奈良県 奈良市南京終町 ２丁目285番地 三洋堂2階,駿河屋　奈良大安寺店,駿河屋　奈良大安寺店,成人、ネットショップ運営者,,,,,,◯
,,在庫0210_4,,,Tue Feb 10 2026 00:00:00 GMT+0900 (Japan Standard Time),駿河屋,中古PSVITAハード PlayStation Vita本体 Wi-Fiモデル ネオン・オレンジ[PCH-2000],https://www.suruga-ya.jp/pcmypage/action_sell_search/detail?trade_code=M2602100965,1,16800,M2602100965,三重県 津市白塚町字鎌田 ３９２５－１ 2F,駿河屋　津白塚店,駿河屋　津白塚店,成人、ネットショップ運営者,,,,,,◯
,,在庫0210_5,,,Tue Feb 10 2026 00:00:00 GMT+0900 (Japan Standard Time),駿河屋,中古PSVITAハード PlayStation Vita本体 Wi-Fiモデル グレイシャー・ホワイト[PCH-2000],https://www.suruga-ya.jp/pcmypage/action_sell_search/detail?trade_code=M2602100965,1,16800,M2602100965-2,三重県 津市白塚町字鎌田 ３９２５－１ 2F,駿河屋　津白塚店,駿河屋　津白塚店,成人、ネットショップ運営者,,,,,,◯
,,在庫0210_6,,,Tue Feb 10 2026 00:00:00 GMT+0900 (Japan Standard Time),駿河屋,中古PSVITAハード PlayStation Vita本体 Wi-Fiモデル シルバー[PCH-2000ZA25],https://www.suruga-ya.jp/pcmypage/action_sell_search/detail?trade_code=M2602100961,1,16800,M2602100961,三重県 桑名市東方字福島前 764番地,駿河屋 桑名店,駿河屋 桑名店,成人、ネットショップ運営者,,,,,,◯
,,在庫0210_7,,,Tue Feb 10 2026 00:00:00 GMT+0900 (Japan Standard Time),駿河屋,中古PSVITAハード PlayStation Vita本体<<3G / Wi-Fiモデル>>(クリスタル・ブラック)[初回限定版][PCH-1100 AA01],https://www.suruga-ya.jp/pcmypage/action_sell_search/detail?trade_code=M2602100962,1,16850,M2602100962,千葉県 船橋市前原西2丁目 19-1 津田沼ビート3F,駿河屋 津田沼ビート店,駿河屋 津田沼ビート店,成人、ネットショップ運営者,,,,,,◯
,,在庫0210_1,,,Tue Feb 10 2026 00:00:00 GMT+0900 (Japan Standard Time),駿河屋,中古PSVITAハード PlayStation Vita本体 Wi-Fiモデル ブラック[PCH-2000],https://www.suruga-ya.jp/pcmypage/action_sell_search/detail?trade_code=M2602100959,1,18210,M2602100959,埼玉県 鴻巣市袋 90-1 FUJI MALL 吹上　2Ｆ,駿河屋 鴻巣吹上店,駿河屋 鴻巣吹上店,成人、ネットショップ運営者,,,,,,◯
,,在庫0210_3,,,Tue Feb 10 2026 00:00:00 GMT+0900 (Japan Standard Time),駿河屋,中古PSVITAハード PSVita本体 コズミック・レッド(Wi-Fi),https://www.suruga-ya.jp/pcmypage/action_sell_search/detail?trade_code=M2602100959,1,17330,M2602100959-2,埼玉県 鴻巣市袋 90-1 FUJI MALL 吹上　2Ｆ,駿河屋 鴻巣吹上店,駿河屋 鴻巣吹上店,成人、ネットショップ運営者,,,,,,◯
,,在庫0210_8,,,Tue Feb 10 2026 00:00:00 GMT+0900 (Japan Standard Time),駿河屋,中古PSVITAハード PlayStation Vita本体<<3G / Wi-Fiモデル>>(クリスタル・ブラック)[初回限定版][PCH-1100 AA01],https://www.suruga-ya.jp/pcmypage/action_sell_search/detail?trade_code=M2602100960,1,19530,M2602100960,千葉県 柏市青葉台 2丁目17-31,駿河屋柏青葉台店,駿河屋柏青葉台店,成人、ネットショップ運営者,,,,,,◯
,,在庫0211_1,,,Wed Feb 11 2026 00:00:00 GMT+0900 (Japan Standard Time),駿河屋,中古PSVITAハード PlayStation Vita本体 Wi-Fiモデル サファイア・ブルー,https://www.suruga-ya.jp/pcmypage/action_sell_search/detail?trade_code=M2602112706,1,17390,M2602112706,北海道 函館市美原 3-53-46,ブックマーケット函館美原店 Supported by 駿河屋,ブックマーケット函館美原店 Supported by 駿河屋,成人、ネットショップ運営者,,,,,,◯
,,在庫0213_2,,,Sat Feb 14 2026 00:00:00 GMT+0900 (Japan Standard Time),駿河屋,中古ニンテンドー3DSハード ニンテンドー3DSLL本体 ブラック,https://www.suruga-ya.jp/pcmypage/action_sell_search/detail?trade_code=M26021313817,1,17860,M26021313817,千葉県 木更津市太田 2-5-1,駿河屋木更津店,駿河屋木更津店,成人、ネットショップ運営者,,,,,,◯
,,在庫0213_1,,,Sat Feb 14 2026 00:00:00 GMT+0900 (Japan Standard Time),駿河屋,中古ニンテンドー3DSハード Newニンテンドー3DSLL本体 ライム×ブラック,https://www.suruga-ya.jp/pcmypage/action_sell_search/detail?trade_code=S26021313816,1,26000,S26021313816,静岡市駿河区丸子新田317-1,駿河屋,駿河屋,成人、ネットショップ運営者,,,,,,◯
,,362_サミー_1/20~5/20,,,Sun Feb 15 2026 16:08:00 GMT+0900 (Japan Standard Time),ヤフオク,ニンテンドー64　本体５台セット　NINTENDO64　ソフト読み込み確認済み,https://contact.auctions.yahoo.co.jp/buyer/top?aid=h1218986435&seller_auc_user_id=3qoERUHHtHpMcQM6rvntZd7mkZ5Un&buyer_auc_user_id=967fTrHunXhg5k9Wh3QRy126peC5X&oid=74936758-9471139217-1953024,1,22000,h1218986435,東京都千代田区紀尾井町1-3 東京ガーデンテラス紀尾井町 紀尾井タワー,adm********,adm********,成人、ネットショップ運営者,,,,,,
,,362_サミー_6/20,,,Sun Feb 15 2026 21:32:00 GMT+0900 (Japan Standard Time),631171200004,NINTENDO64 【GM40】NUS-001 任天堂 ニンテンドウ64 ロクヨン 本体のみ ゲーム機 据え置き型 動作品,https://buy.auctions.yahoo.co.jp/order/status?auctionId=e1219143576,1,4480,e1219143576,兵庫県神戸市西区伊川谷町有瀬1151,宝屋ストア,宝屋ストア,成人、ネットショップ運営者,,,,,,
,,在庫0216_1,,,Mon Feb 16 2026 00:00:00 GMT+0900 (Japan Standard Time),駿河屋,中古PSVITAハード PlayStation Vita本体 Wi-Fiモデル グレイシャー・ホワイト[PCH-2000],https://www.suruga-ya.jp/pcmypage/action_sell_search/detail?trade_code=M2602165371,1,15250,M2602165371,福岡県 春日市昇町 8-1-1,駿河屋GIGA福岡春日店,駿河屋GIGA福岡春日店,成人、ネットショップ運営者,,,,,,◯
,,364_サミー_2/10,,,Tue Feb 17 2026 00:00:00 GMT+0900 (Japan Standard Time),駿河屋,中古PSVITAハード PlayStation Vita本体<<3G/Wi-Fiモデル>>(クリスタル・ブラック)[数量限定版][PCH-1100 AB01],https://www.suruga-ya.jp/pcmypage/action_sell_search/detail?trade_code=M2602170804,1,17930,M2602170804,福岡県 大牟田市旭町 2-28-1,駿河屋　ゆめタウン大牟田店,駿河屋　ゆめタウン大牟田店,成人、ネットショップ運営者,,,,,,◯
,,364_サミー_1/10,,,Tue Feb 17 2026 00:00:00 GMT+0900 (Japan Standard Time),駿河屋,中古PSVITAハード PlayStation Vita本体<<3G / Wi-Fiモデル>>(クリスタル・ブラック)[初回限定版][PCH-1100 AA01],https://www.suruga-ya.jp/pcmypage/action_sell_search/detail?trade_code=M2602170806,1,18100,M2602170806,富山県 富山市森 3丁目3-55,駿河屋 富山 北の森店,駿河屋 富山 北の森店,成人、ネットショップ運営者,,,,,,◯
,,364_サミー_1/15,,,Tue Feb 17 2026 00:00:00 GMT+0900 (Japan Standard Time),駿河屋,中古PSVITAハード PlayStation Vita本体<<3G/Wi-Fiモデル>>(クリスタル・ホワイト)[初回限定版][PCH-1100 AB02],https://www.suruga-ya.jp/pcmypage/action_sell_search/detail?trade_code=M2602170806,1,24000,M2602170806-2,富山県 富山市森 3丁目3-55,駿河屋 富山 北の森店,駿河屋 富山 北の森店,成人、ネットショップ運営者,,,,,,◯
,,362_サミー_7/20,,,Wed Feb 18 2026 00:00:00 GMT+0900 (Japan Standard Time),アマゾン,NINTENDO64 本体,https://www.amazon.co.jp/your-orders/order-details?orderID=503-3282736-0611006&ref=ppx_yo2ov_dt_b_fed_order_details,1,5250,503-3282736-0611006,奈良県磯城郡田原本町大字八尾３９２番地の３８,メディアプロモーション,メディアプロモーション,成人、ネットショップ運営者,,,,,,
,,362_サミー_8/20,,,Wed Feb 18 2026 00:00:00 GMT+0900 (Japan Standard Time),622070175992,NINTENDO64 本体,https://www.amazon.co.jp/your-orders/order-details?orderID=503-3282736-0611006&ref=ppx_yo2ov_dt_b_fed_order_details,1,6480,503-3282736-0611006-2,大阪府堺市堺区石津町４－５－１０,MSマーケット　大阪本店,MSマーケット　大阪本店,成人、ネットショップ運営者,,,,,,◯
,,363_サミー_ホワイト_3/10,,,Wed Feb 18 2026 00:00:00 GMT+0900 (Japan Standard Time),駿河屋,中古ニンテンドー3DSハード Newニンテンドー3DSLL本体 パールホワイト,https://www.suruga-ya.jp/pcmypage/action_sell_search/detail?trade_code=M2602181054,1,41101,M2602181054,東京都 足立区西新井 7-23-8,エンターキング 西新井店 Supported by 駿河屋,エンターキング 西新井店 Supported by 駿河屋,成人、ネットショップ運営者,,,,,,◯
,,363_サミー_ホワイト_1/10,,,Wed Feb 18 2026 00:00:00 GMT+0900 (Japan Standard Time),アマゾン,New ニンテンドー3DS LL パールホワイト,https://www.amazon.co.jp/your-orders/order-details?orderID=503-2835100-9200644&ref=ppx_yo2ov_dt_b_fed_order_details,1,32900,503-2835100-9200644,神奈川県横浜市保土ヶ谷区岩井町１２３−２ ２−５１０,Y&Kdesign工房,Y&Kdesign工房,成人、ネットショップ運営者,,,,,,
,,363_サミー_ホワイト_2/10,,,Wed Feb 18 2026 00:00:00 GMT+0900 (Japan Standard Time),アマゾン,New ニンテンドー3DS LL パールホワイト,https://www.amazon.co.jp/your-orders/order-details?orderID=503-7426321-7450254&ref=ppx_yo2ov_dt_b_fed_order_details,1,35000,503-7426321-7450254,岩手県花巻市諏訪町１丁目１０－１７ プラザ・カナン壱番館１０１,ｽﾏｲﾙｵﾝﾗｲﾝｽﾄｱ,ｽﾏｲﾙｵﾝﾗｲﾝｽﾄｱ,成人、ネットショップ運営者,,,,,,
,,363_サミー_ブルー_1/10&2/10&3/10,,,Wed Feb 18 2026 00:00:00 GMT+0900 (Japan Standard Time),駿河屋,中古ニンテンドー3DSハード Newニンテンドー3DSLL本体 メタリックブルー,https://www.suruga-ya.jp/pcmypage/action_sell_search/detail?trade_code=M2602181069,3,101160,M2602181069,栃木県 矢板市末広町 ２０－１ 2F,駿河屋矢板店,駿河屋矢板店,成人、ネットショップ運営者,,,,,,◯
,,364_サミー_3/15,,,Wed Feb 18 2026 00:00:00 GMT+0900 (Japan Standard Time),駿河屋,中古PSVITAハード PlayStation Vita本体<<3G/Wi-Fiモデル>>(クリスタル・ホワイト)[初回限定版][PCH-1100 AB02],https://www.suruga-ya.jp/pcmypage/action_sell_search/detail?trade_code=M2602181069,1,25540,M2602181069-2,栃木県 矢板市末広町 ２０－１ 2F,駿河屋矢板店,駿河屋矢板店,成人、ネットショップ運営者,,,,,,◯
,,364_サミー_4/15,,,Wed Feb 18 2026 00:00:00 GMT+0900 (Japan Standard Time),駿河屋,中古PSVITAハード PSVita本体 サファイア・ブルー(3G・Wi-Fi),https://www.suruga-ya.jp/pcmypage/action_sell_search/detail?trade_code=M2602181063,1,21800,M2602181063,三重県 津市白塚町字鎌田 ３９２５－１ 2F,駿河屋　津白塚店,駿河屋　津白塚店,成人、ネットショップ運営者,,,,,,◯
,,363_サミー_1/5,,,Wed Feb 18 2026 00:00:00 GMT+0900 (Japan Standard Time),駿河屋,中古ニンテンドー3DSハード Newニンテンドー3DSLL本体 メタリックブラック,https://www.suruga-ya.jp/pcmypage/action_sell_search/detail?trade_code=M2602181053,1,34011,M2602181053,福島県 福島市笹谷 字稲場28-12,ブックマーケット福島北店 Supported by 駿河屋,ブックマーケット福島北店 Supported by 駿河屋,成人、ネットショップ運営者,,,,,,◯
,,363_サミー_レッド_1/10,,,Wed Feb 18 2026 00:00:00 GMT+0900 (Japan Standard Time),駿河屋,中古ニンテンドー3DSハード Newニンテンドー3DSLL本体 メタリックレッド,https://www.suruga-ya.jp/pcmypage/action_sell_search/detail?trade_code=M2602181053,1,30111,M2602181053-2,福島県 福島市笹谷 字稲場28-12,ブックマーケット福島北店 Supported by 駿河屋,ブックマーケット福島北店 Supported by 駿河屋,成人、ネットショップ運営者,,,,,,◯
,,363_サミー_ブルー_4/10,,,Wed Feb 18 2026 00:00:00 GMT+0900 (Japan Standard Time),駿河屋,中古ニンテンドー3DSハード Newニンテンドー3DSLL本体 メタリックブルー,https://www.suruga-ya.jp/pcmypage/action_sell_search/detail?trade_code=M2602181064,1,32740,M2602181064,栃木県 宇都宮市ゆいの杜 ４丁目１－３９ 2F,駿河屋宇都宮テクノ店,駿河屋宇都宮テクノ店,成人、ネットショップ運営者,,,,,,◯
,,363_サミー_2/5,,,Wed Feb 18 2026 00:00:00 GMT+0900 (Japan Standard Time),駿河屋,中古ニンテンドー3DSハード Newニンテンドー3DSLL本体 メタリックブラック,https://www.suruga-ya.jp/pcmypage/action_sell_search/detail?trade_code=M2602181066,1,31570,M2602181066,千葉県 木更津市太田 2-5-1,駿河屋木更津店,駿河屋木更津店,成人、ネットショップ運営者,,,,,,◯
,,363_サミー_ブルー_6/10,,,Wed Feb 18 2026 00:00:00 GMT+0900 (Japan Standard Time),駿河屋,中古ニンテンドー3DSハード Newニンテンドー3DSLL本体 メタリックブルー,https://www.suruga-ya.jp/pcmypage/action_sell_search/detail?trade_code=M2602181058,1,33800,M2602181058,三重県 桑名市東方字福島前 764番地,駿河屋 桑名店,駿河屋 桑名店,成人、ネットショップ運営者,,,,,,◯
,,363_サミー_レッド_2/10&3/10,,,Wed Feb 18 2026 00:00:00 GMT+0900 (Japan Standard Time),駿河屋,中古ニンテンドー3DSハード Newニンテンドー3DSLL本体 メタリックレッド,https://www.suruga-ya.jp/pcmypage/action_sell_search/detail?trade_code=M2602181057,2,71260,M2602181057,東京都 立川市曙町 2丁目42-1 パークアベニュー3F,駿河屋立川北口店,駿河屋立川北口店,成人、ネットショップ運営者,,,,,,◯
,,363_サミー_レッド_4/10,,,Wed Feb 18 2026 00:00:00 GMT+0900 (Japan Standard Time),駿河屋,中古ニンテンドー3DSハード Newニンテンドー3DSLL本体 メタリックレッド,https://www.suruga-ya.jp/pcmypage/action_sell_search/detail?trade_code=M2602181059,1,34410,M2602181059,鹿児島県 鹿児島市中町 ３－１５ ヴィストラルビル,駿河屋天文館店,駿河屋天文館店,成人、ネットショップ運営者,,,,,,◯
,,364_サミー_3/10,,,Wed Feb 18 2026 00:00:00 GMT+0900 (Japan Standard Time),駿河屋,中古PSVITAハード PlayStation Vita本体<<3G / Wi-Fiモデル>>(クリスタル・ブラック)[初回限定版][PCH-1100 AA01],https://www.suruga-ya.jp/pcmypage/action_sell_search/detail?trade_code=M2602181060,1,17390,M2602181060,千葉県 市原市更級 4丁目-1-24,駿河屋 市原五井店,駿河屋 市原五井店,成人、ネットショップ運営者,,,,,,◯
,,在庫0218_1,,,Wed Feb 18 2026 00:00:00 GMT+0900 (Japan Standard Time),駿河屋,中古ニンテンドー3DSハード Newニンテンドー3DSLL本体 ライム×ブラック,https://www.suruga-ya.jp/pcmypage/action_sell_search/detail?trade_code=M2602181056,1,27590,M2602181056,山口県 山口市平井 775,駿河屋　山口大学前店,駿河屋　山口大学前店,成人、ネットショップ運営者,,,,,,◯
,,363_サミー_ホワイト_4/10,,,Wed Feb 18 2026 00:00:00 GMT+0900 (Japan Standard Time),駿河屋,中古ニンテンドー3DSハード Newニンテンドー3DSLL本体 パールホワイト,https://www.suruga-ya.jp/pcmypage/action_sell_search/detail?trade_code=M2602181065,1,39180,M2602181065,千葉県 千葉市中央区富士見 2丁目3-1 塚本大千葉ビルB1階,駿河屋千葉駅前店,駿河屋千葉駅前店,成人、ネットショップ運営者,,,,,,◯
,,363_サミー_レッド_5/10,,,Wed Feb 18 2026 00:00:00 GMT+0900 (Japan Standard Time),駿河屋,中古ニンテンドー3DSハード Newニンテンドー3DSLL本体 メタリックレッド,https://www.suruga-ya.jp/pcmypage/action_sell_search/detail?trade_code=M2602181055,1,36550,M2602181055,埼玉県 鴻巣市袋 90-1 FUJI MALL 吹上　2Ｆ,駿河屋 鴻巣吹上店,駿河屋 鴻巣吹上店,成人、ネットショップ運営者,,,,,,◯
,,363_サミー_4/5,,,Wed Feb 18 2026 00:00:00 GMT+0900 (Japan Standard Time),駿河屋,中古ニンテンドー3DSハード Newニンテンドー3DSLL本体 メタリックブラック,https://www.suruga-ya.jp/pcmypage/action_sell_search/detail?trade_code=S2602181052,1,39300,S2602181052,静岡市駿河区丸子新田317-1,駿河屋,駿河屋,成人、ネットショップ運営者,,,,,,◯
,,363_サミー_ホワイト_5/10&6/10,,,Wed Feb 18 2026 00:00:00 GMT+0900 (Japan Standard Time),駿河屋,中古ニンテンドー3DSハード Newニンテンドー3DSLL本体 パールホワイト,https://www.suruga-ya.jp/pcmypage/action_sell_search/detail?trade_code=S2602181052,2,72200,S2602181052-2,静岡市駿河区丸子新田317-1,駿河屋,駿河屋,成人、ネットショップ運営者,,,,,,◯
,,364_サミー_5/15,,,Wed Feb 18 2026 00:00:00 GMT+0900 (Japan Standard Time),駿河屋,中古PSVITAハード PlayStation Vita本体<<Wi-Fiモデル>>(クリスタル・ホワイト)[PCH-1000 ZA02] ,https://www.suruga-ya.jp/pcmypage/action_sell_search/detail?trade_code=S2602181052,1,20900,S2602181052-3,静岡市駿河区丸子新田317-1,駿河屋,駿河屋,成人、ネットショップ運営者,,,,,,◯
,,364_サミー_6/15,,,Wed Feb 18 2026 00:00:00 GMT+0900 (Japan Standard Time),駿河屋,中古PSVITAハード PlayStation Vita本体<<Wi-Fiモデル>>(クリスタル・ホワイト)[PCH-1000 ZA02],https://www.suruga-ya.jp/pcmypage/action_sell_search/detail?trade_code=S2602181052,1,24498,S2602181052-4,静岡市駿河区丸子新田317-1,駿河屋,駿河屋,成人、ネットショップ運営者,,,,,,◯
,,364_サミー_7/15&8/15,,,Wed Feb 18 2026 00:00:00 GMT+0900 (Japan Standard Time),駿河屋,中古PSVITAハード PlayStation Vita本体 Wi-Fiモデル サファイア・ブルー,https://www.suruga-ya.jp/pcmypage/action_sell_search/detail?trade_code=S2602181052,2,51600,S2602181052-5,静岡市駿河区丸子新田317-1,駿河屋,駿河屋,成人、ネットショップ運営者,,,,,,◯
,,364_サミー_9/15,,,Wed Feb 18 2026 00:00:00 GMT+0900 (Japan Standard Time),駿河屋,中古PSVITAハード PSVita本体 コズミック・レッド(Wi-Fi),https://www.suruga-ya.jp/pcmypage/action_sell_search/detail?trade_code=S2602181052,1,22900,S2602181052-6,静岡市駿河区丸子新田317-1,駿河屋,駿河屋,成人、ネットショップ運営者,,,,,,◯
,,363_サミー_3/5,,,Wed Feb 18 2026 00:00:00 GMT+0900 (Japan Standard Time),駿河屋,中古ニンテンドー3DSハード Newニンテンドー3DSLL本体 メタリックブラック,https://www.suruga-ya.jp/pcmypage/action_sell_search/detail?trade_code=S2602181052,1,35400,S2602181052-7,静岡市駿河区丸子新田317-1,駿河屋,駿河屋,成人、ネットショップ運営者,,,,,,◯
,,364_サミー_10/15,,,Wed Feb 18 2026 00:00:00 GMT+0900 (Japan Standard Time),駿河屋,中古PSVITAハード PSVita本体 コズミック・レッド(Wi-Fi),https://www.suruga-ya.jp/pcmypage/action_sell_search/detail?trade_code=S2602181052,1,25900,S2602181052-8,静岡市駿河区丸子新田317-1,駿河屋,駿河屋,成人、ネットショップ運営者,,,,,,◯
,,362_サミー_9/20,,,Wed Feb 18 2026 10:35:00 GMT+0900 (Japan Standard Time),ペイペイフリマ,【完動品】NINTENDO64 本体 AVケーブル 電源アダプター コントローラー まとめ「ソフトおまけあり」,https://paypayfleamarket-sec.yahoo.co.jp/item/z561216286/trade/buyer,1,4920,z561216286,東京都千代田区紀尾井町1-3 東京ガーデンテラス紀尾井町 紀尾井タワー,JULIA,JULIA,成人、ネットショップ運営者,,,,,,
,,362_サミー_10/20,,,Wed Feb 18 2026 10:36:00 GMT+0900 (Japan Standard Time),ペイペイフリマ,NINTENDO64 ニンテンドー64,https://paypayfleamarket-sec.yahoo.co.jp/item/z559841878/trade/buyer,1,5111,z559841878,東京都千代田区紀尾井町1-3 東京ガーデンテラス紀尾井町 紀尾井タワー,やまと,やまと,成人、ネットショップ運営者,,,,,,
,,362_サミー_11/20,Thu Feb 19 2026 00:00:00 GMT+0900 (Japan Standard Time),受取済,Wed Feb 18 2026 12:38:20 GMT+0900 (Japan Standard Time),メルカリ,動作品！ニンテンドー64/N64 本体のみ 任天堂 NUS-001,,1,4600,m76379296115,(株)メルカリ： 〒106-6118 東京都港区六本木６－１０－１ 六本木ヒルズ森タワー,テリテリ,テリテリ,成人（メルカリ規約に準拠）,,P4,600,,0,全額ポイント,
,,362_サミー_12/20,Fri Feb 20 2026 00:00:00 GMT+0900 (Japan Standard Time),受取済,Wed Feb 18 2026 12:45:46 GMT+0900 (Japan Standard Time),メルカリ,ニンテンドー64 NUS-001 ブラック 動作品 Nintendo 本体のみ,,1,5480,m89405815838,(株)メルカリ： 〒106-6118 東京都港区六本木６－１０－１ 六本木ヒルズ森タワー,デカ豆,デカ豆,成人（メルカリ規約に準拠）,,P5,287,P193,0,dポイント・ポイント,
,,362_サミー_13/20,Thu Feb 19 2026 00:00:00 GMT+0900 (Japan Standard Time),受取済,Wed Feb 18 2026 12:49:39 GMT+0900 (Japan Standard Time),メルカリ,動作確認済 ニンテンドー64 本体セット コントローラー2個 AC/AVケーブル,,1,5980,m68237278489,(株)メルカリ： 〒106-6118 東京都港区六本木６－１０－１ 六本木ヒルズ森タワー,natsu723,natsu723,成人（メルカリ規約に準拠）,,P113,,0,ポイント・メルペイ残高,
,,364_サミー_2/15,Wed Feb 18 2026 00:00:00 GMT+0900 (Japan Standard Time),受取済,Wed Feb 18 2026 12:53:41 GMT+0900 (Japan Standard Time),メルカリ,PS Vita Wi-Fiモデル コズミック・レッド PCH-1000 ZA03,,1,20000,m57852258930,(株)メルカリ： 〒106-6118 東京都港区六本木６－１０－１ 六本木ヒルズ森タワー,もい,もい,成人（メルカリ規約に準拠）,,P0,,0,全額メルペイ残高,
,,362_サミー_14/20,Thu Feb 19 2026 00:00:00 GMT+0900 (Japan Standard Time),受取済,Wed Feb 18 2026 16:59:37 GMT+0900 (Japan Standard Time),メルカリ,【動作確認済】ニンテンドー64本体＋コントローラーパックセット。,,1,5599,m60026664295,(株)メルカリ： 〒106-6118 東京都港区六本木６－１０－１ 六本木ヒルズ森タワー,スライムポン,スライムポン,成人（メルカリ規約に準拠）,,P0,,0,全額メルペイ残高,
,,363_サミー_5/5,,,Thu Feb 19 2026 00:00:00 GMT+0900 (Japan Standard Time),駿河屋,中古ニンテンドー3DSハード Newニンテンドー3DSLL本体 メタリックブラック,https://www.suruga-ya.jp/pcmypage/action_sell_search/detail?trade_code=S2602192989,1,35400,S2602192989,静岡市駿河区丸子新田317-1,駿河屋,駿河屋,成人、ネットショップ運営者,,,,,,◯
,,363_サミー_レッド_7/10,,,Thu Feb 19 2026 00:00:00 GMT+0900 (Japan Standard Time),駿河屋,中古ニンテンドー3DSハード Newニンテンドー3DSLL本体 メタリックレッド,https://www.suruga-ya.jp/pcmypage/action_sell_search/detail?trade_code=M2602192992,1,37620,M2602192992,佐賀県 三養基郡上峰町坊所 2514-1,駿河屋 佐賀上峰店,駿河屋 佐賀上峰店,成人、ネットショップ運営者,,,,,,◯
,,364_サミー_11/15,,,Thu Feb 19 2026 10:28:00 GMT+0900 (Japan Standard Time),ヤフオク,【動作確認済】 PlayStation Vita Wi-Fiモデル サファイア・ブルー PCH-1000 ZA04 / PSVita,https://contact.auctions.yahoo.co.jp/buyer/top?aid=h1217864301&seller_auc_user_id=8JZGynVTVMfFkbxnaTx7W2tCJvxsQ&buyer_auc_user_id=967fTrHunXhg5k9Wh3QRy126peC5X&oid=70141035-1171464517-1806294,1,22520,h1217864301,東京都千代田区紀尾井町1-3 東京ガーデンテラス紀尾井町 紀尾井タワー,maccha123,maccha123,成人、ネットショップ運営者,,,,,,
,,364_サミー_12/15,,,Thu Feb 19 2026 10:56:00 GMT+0900 (Japan Standard Time),ペイペイフリマ,極美品 SONY PSVITA PCH-1000 コズミックレッド　充電器＋32GBメモリーカード付き,https://paypayfleamarket-sec.yahoo.co.jp/item/z557641568/trade/buyer,1,22500,z557641568,東京都千代田区紀尾井町1-3 東京ガーデンテラス紀尾井町 紀尾井タワー,ゆき,ゆき,成人、ネットショップ運営者,,,,,,
,,363_サミー_ブルー_8/10,Thu Feb 19 2026 00:00:00 GMT+0900 (Japan Standard Time),受取済,Thu Feb 19 2026 10:59:57 GMT+0900 (Japan Standard Time),メルカリ,ニューニンテンドー3DS LL メタリックブルー,,1,29600,m30914540596,(株)メルカリ： 〒106-6118 東京都港区六本木６－１０－１ 六本木ヒルズ森タワー,MAKI,MAKI,成人（メルカリ規約に準拠）,,P0,,0,全額メルペイ残高,
,,363_サミー_ホワイト_7/10,Thu Feb 19 2026 00:00:00 GMT+0900 (Japan Standard Time),受取済,Thu Feb 19 2026 11:01:21 GMT+0900 (Japan Standard Time),メルカリ,Newニンテンドー3DS LL パールホワイト 本体 AC充電器、説明書つき,,1,35555,m92441234531,(株)メルカリ： 〒106-6118 東京都港区六本木６－１０－１ 六本木ヒルズ森タワー,pon,pon,成人（メルカリ規約に準拠）,,P0,,11789,メルペイのあと払い,
,,363_サミー_ブルー_9/10,Fri Feb 20 2026 00:00:00 GMT+0900 (Japan Standard Time),受取済,Thu Feb 19 2026 14:53:09 GMT+0900 (Japan Standard Time),メルカリ,(美品) newニンテンドー3DS LL メタリックブルー　上画面IPS液晶,,1,28000,m31223775757,(株)メルカリ： 〒106-6118 東京都港区六本木６－１０－１ 六本木ヒルズ森タワー,SSH,SSH,成人（メルカリ規約に準拠）,,P0,,28000,メルペイのあと払い,
,,362_サミー_16/20,,,Thu Feb 19 2026 21:11:00 GMT+0900 (Japan Standard Time),ヤフオク,任天堂 NINTENDO64 本体　コントローラー,https://contact.auctions.yahoo.co.jp/buyer/top?aid=q1219807082&seller_auc_user_id=9kD9iZcFGfE1QXzBGT3cWGQ1BZ6gX&buyer_auc_user_id=967fTrHunXhg5k9Wh3QRy126peC5X&oid=72484982-6071503017-9221993,1,4140,q1219807082,東京都千代田区紀尾井町1-3 東京ガーデンテラス紀尾井町 紀尾井タワー,osu********,osu********,成人、ネットショップ運営者,,,,,,
,,362_サミー_15/20,,,Thu Feb 19 2026 21:50:00 GMT+0900 (Japan Standard Time),ヤフオク,ゲームハード ニンテンドー64 本体のみ NUS-001 Nintendo64 任天堂 2602LBR038,https://buy.auctions.yahoo.co.jp/order/status?auctionId=j1219340289,1,3748,j1219340289,東京都千代田区紀尾井町1-3 東京ガーデンテラス紀尾井町 紀尾井タワー,ハウマッチライフw リユース店,ハウマッチライフw リユース店,成人、ネットショップ運営者,,,,,,◯
,,363_サミー_レッド_8/10,,,Fri Feb 20 2026 00:00:00 GMT+0900 (Japan Standard Time),駿河屋,中古ニンテンドー3DSハード Newニンテンドー3DSLL本体 メタリックレッド,https://www.suruga-ya.jp/pcmypage/action_sell_search/detail?trade_code=M2602200725,1,25630,M2602200725,愛媛県 松山市大街道２ －５－９ 久保豊第１ビル 2階・3階,駿河屋 松山大街道店,駿河屋 松山大街道店,成人、ネットショップ運営者,,,,,,◯
,,365_ルカ_1/5,,,Sat Feb 21 2026 00:00:00 GMT+0900 (Japan Standard Time),駿河屋,中古ニンテンドー3DSハード Newニンテンドー3DSLL本体 メタリックブラック,https://www.suruga-ya.jp/pcmypage/action_sell_search/detail?trade_code=M2602210080,1,42880,M2602210080,愛知県 東海市荒尾町別出シ 1-3 精文館書店2F,駿河屋 東海荒尾店,駿河屋 東海荒尾店,成人、ネットショップ運営者,,,,,,◯
,,364_サミー_5/10,,,Sat Feb 21 2026 00:00:00 GMT+0900 (Japan Standard Time),駿河屋,中古PSVITAハード PlayStation Vita本体<<3G/Wi-Fiモデル>>(クリスタル・ブラック)[数量限定版][PCH-1100 AB01],https://www.suruga-ya.jp/pcmypage/action_sell_search/detail?trade_code=M2602210080,1,19990,M2602210080-2,愛知県 東海市荒尾町別出シ 1-3 精文館書店2F,駿河屋 東海荒尾店,駿河屋 東海荒尾店,成人、ネットショップ運営者,,,,,,◯
,,365_ルカ_4/5,,,Sat Feb 21 2026 00:00:00 GMT+0900 (Japan Standard Time),駿河屋,中古ニンテンドー3DSハード Newニンテンドー3DSLL本体 メタリックブラック,https://www.suruga-ya.jp/pcmypage/action_sell_search/detail?trade_code=M2602210078,1,48300,M2602210078,宮城県 宮城郡利府町利府新屋田前 32-1,駿河屋　利府店,駿河屋　利府店,成人、ネットショップ運営者,,,,,,◯
,,365_ルカ_5/10,,,Sat Feb 21 2026 00:00:00 GMT+0900 (Japan Standard Time),駿河屋,中古ニンテンドー3DSハード ニンテンドー3DSLL本体 ホワイト,https://www.suruga-ya.jp/pcmypage/action_sell_search/detail?trade_code=M2602210078,1,24900,M2602210078-2,宮城県 宮城郡利府町利府新屋田前 32-1,駿河屋　利府店,駿河屋　利府店,成人、ネットショップ運営者,,,,,,◯
,,365_ルカ_2/10,,,Sat Feb 21 2026 00:00:00 GMT+0900 (Japan Standard Time),駿河屋,中古ニンテンドー3DSハード ニンテンドー3DSLL本体 ピンク×ホワイト,https://www.suruga-ya.jp/pcmypage/action_sell_search/detail?trade_code=M2602210082,1,22550,M2602210082,愛知県 岡崎市羽根町小豆坂 3 ウイングタウン岡崎　内,駿河屋 ウイングタウン岡崎店,駿河屋 ウイングタウン岡崎店,成人、ネットショップ運営者,,,,,,◯
,,365_ルカ_1/10,,,Sat Feb 21 2026 00:00:00 GMT+0900 (Japan Standard Time),駿河屋,中古ニンテンドー3DSハード ニンテンドー3DSLL本体 ホワイト,https://www.suruga-ya.jp/pcmypage/action_sell_search/detail?trade_code=M2602210084,1,25420,M2602210084,千葉県 千葉市中央区富士見 2丁目3-1 塚本大千葉ビルB1階,駿河屋千葉駅前店,駿河屋千葉駅前店,成人、ネットショップ運営者,,,,,,◯
,,365_ルカ_2/5,,,Sat Feb 21 2026 00:00:00 GMT+0900 (Japan Standard Time),駿河屋,中古ニンテンドー3DSハード Newニンテンドー3DSLL本体 メタリックブラック,https://www.suruga-ya.jp/pcmypage/action_sell_search/detail?trade_code=M2602210081,1,43760,M2602210081,佐賀県 佐賀市与賀町 70-1 TSUTAYA積文館書店佐大通り店 2F,駿河屋 佐大通り店,駿河屋 佐大通り店,成人、ネットショップ運営者,,,,,,◯
,,365_ルカ_3/10,,,Sat Feb 21 2026 00:00:00 GMT+0900 (Japan Standard Time),駿河屋,中古ニンテンドー3DSハード ニンテンドー3DSLL本体 ホワイト,https://www.suruga-ya.jp/pcmypage/action_sell_search/detail?trade_code=M2602210081,1,24610,M2602210081-2,佐賀県 佐賀市与賀町 70-1 TSUTAYA積文館書店佐大通り店 2F,駿河屋 佐大通り店,駿河屋 佐大通り店,成人、ネットショップ運営者,,,,,,◯
,,365_ルカ_5/5,,,Sat Feb 21 2026 00:00:00 GMT+0900 (Japan Standard Time),駿河屋,中古ニンテンドー3DSハード Newニンテンドー3DSLL本体 メタリックブラック,https://www.suruga-ya.jp/pcmypage/action_sell_search/detail?trade_code=S2602210077,1,49000,S2602210077,静岡市駿河区丸子新田317-1,駿河屋,駿河屋,成人、ネットショップ運営者,,,,,,◯
,,365_ルカ_4/10,,,Sat Feb 21 2026 00:00:00 GMT+0900 (Japan Standard Time),駿河屋,中古ニンテンドー3DSハード ニンテンドー3DSLL本体 ホワイト,https://www.suruga-ya.jp/pcmypage/action_sell_search/detail?trade_code=M2602210079,1,24610,M2602210079,埼玉県 鴻巣市袋 90-1 FUJI MALL 吹上　2Ｆ,駿河屋 鴻巣吹上店,駿河屋 鴻巣吹上店,成人、ネットショップ運営者,,,,,,◯
,,362_サミー_18/20,,,Sun Feb 22 2026 00:00:00 GMT+0900 (Japan Standard Time),541192201000,NINTENDO64 本体,https://www.amazon.co.jp/your-orders/order-details?orderID=503-6929019-5505420&ref=ppx_yo2ov_dt_b_fed_order_details,1,6828,503-6929019-5505420,愛知県名古屋市熱田区伝馬２－１７－１４－２ ｌｅ ｂｏｉｓ ｔｅｎｍａ４０１,kanade サービス(インボイス登録済み),kanade サービス(インボイス登録済み),成人、ネットショップ運営者,,,,,,◯
,,362_サミー_17/20,,,Sun Feb 22 2026 00:00:00 GMT+0900 (Japan Standard Time),アマゾン,NINTENDO64 本体,https://www.amazon.co.jp/your-orders/order-details?orderID=503-7100192-4739069&ref=ppx_yo2ov_dt_b_fed_order_details,1,6480,503-7100192-4739069,愛知県豊田市若林門田　62-5 ボロンテ2,HK'sマーケット,HK'sマーケット,成人、ネットショップ運営者,,,,,,
,,在庫0222_1,,,Sun Feb 22 2026 00:00:00 GMT+0900 (Japan Standard Time),541162011300,Newニンテンドー3DS LL ライム×ブラック,https://www.amazon.co.jp/your-orders/order-details?orderID=503-5748898-8379819&ref=ppx_yo2ov_dt_b_fed_order_details,1,28398,503-5748898-8379819,愛知県名古屋市中区栄五丁目２６番３９号 ＧＳ栄ビル７０２,ゲーム専門店 ★E-GAMES★,ゲーム専門店 ★E-GAMES★,成人、ネットショップ運営者,,,,,,◯
,,在庫0222_2,,,Sun Feb 22 2026 00:00:00 GMT+0900 (Japan Standard Time),駿河屋,中古PSVITAハード PSVita本体 サファイア・ブルー(3G・Wi-Fi),https://www.suruga-ya.jp/pcmypage/action_sell_search/detail?trade_code=M2602220327,1,21100,M2602220327,栃木県 矢板市末広町 ２０－１ 2F,駿河屋矢板店,駿河屋矢板店,成人、ネットショップ運営者,,,,,,◯
,,在庫0222_4,,,Sun Feb 22 2026 00:00:00 GMT+0900 (Japan Standard Time),駿河屋,中古PSVITAハード PlayStation Vita本体 Wi-Fiモデル ホワイト[PCH-2000],https://www.suruga-ya.jp/pcmypage/action_sell_search/detail?trade_code=S2602220326,1,16900,S2602220326,静岡市駿河区丸子新田317-1,駿河屋,駿河屋,成人、ネットショップ運営者,,,,,,◯
,,363_サミー_レッド_6/10,,,Sun Feb 22 2026 00:00:00 GMT+0900 (Japan Standard Time),駿河屋,中古ニンテンドー3DSハード Newニンテンドー3DSLL本体 メタリックレッド,https://www.suruga-ya.jp/pcmypage/action_sell_search/detail?trade_code=S2602220326,1,33600,S2602220326-2,静岡市駿河区丸子新田317-1,駿河屋,駿河屋,成人、ネットショップ運営者,,,,,,◯
,,364_サミー_4/10,,,Sun Feb 22 2026 00:00:00 GMT+0900 (Japan Standard Time),駿河屋,中古PSVITAハード PlayStation Vita本体<<3G / Wi-Fiモデル>>(クリスタル・ブラック)[初回限定版][PCH-1100 AA01],https://www.suruga-ya.jp/pcmypage/action_sell_search/detail?trade_code=S2602220326,1,14800,S2602220326-3,静岡市駿河区丸子新田317-1,駿河屋,駿河屋,成人、ネットショップ運営者,,,,,,◯
,,363_サミー_ブルー_5/10,,,Sun Feb 22 2026 08:56:00 GMT+0900 (Japan Standard Time),ヤフオク,【動作確認済】 New ニンテンドー3DS LL メタリックブルー,https://contact.auctions.yahoo.co.jp/buyer/top?aid=u1219253790&seller_auc_user_id=8JZGynVTVMfFkbxnaTx7W2tCJvxsQ&buyer_auc_user_id=967fTrHunXhg5k9Wh3QRy126peC5X&oid=79576714-9771718117-4404580,1,32230,u1219253790,東京都千代田区紀尾井町1-3 東京ガーデンテラス紀尾井町 紀尾井タワー,maccha123,maccha123,成人、ネットショップ運営者,,,,,,
,,363_サミー_ホワイト_8/10,Mon Feb 23 2026 00:00:00 GMT+0900 (Japan Standard Time),受取済,Sun Feb 22 2026 15:50:11 GMT+0900 (Japan Standard Time),メルカリ,ホワイト New 3DS LL 本体,,1,29800,m42721151198,(株)メルカリ： 〒106-6118 東京都港区六本木６－１０－１ 六本木ヒルズ森タワー,sekai,sekai,成人（メルカリ規約に準拠）,,P954,P109,28737,メルペイのあと払い,
,,在庫0222_3,,,Sun Feb 22 2026 21:25:00 GMT+0900 (Japan Standard Time),631531400002,【1円】Newニンテンドー3DSLL 本体 メタリックブラック 任天堂 RED-001 初期化/動作確認済 3DS LL M05-092tm/F3,https://buy.auctions.yahoo.co.jp/order/status?auctionId=o1220349006,1,29340,o1220349006,兵庫県加古川市平岡町新在家305-2,Arrows,Arrows,成人、ネットショップ運営者,,,,,,◯
,,362_サミー_19/20,,,Sun Feb 22 2026 23:19:00 GMT+0900 (Japan Standard Time),441380000796,PK29655S★任天堂★NINTENDO64 ニンテンドー64 本体一式★動作品★,https://buy.auctions.yahoo.co.jp/order/status?auctionId=v1220084234,1,5589,v1220084234,千葉県松戸市八ヶ崎1-11-14,マコトサービス,マコトサービス,成人、ネットショップ運営者,,,,,,◯
,,365_ルカ_6/10,,,Mon Feb 23 2026 00:00:00 GMT+0900 (Japan Standard Time),731262300045,ニンテンドー3DS LL (ミントXホワイト),https://www.amazon.co.jp/your-orders/order-details?orderID=503-3928527-8238257&ref=ppx_yo2ov_dt_b_fed_order_details,1,21800,503-3928527-8238257,福岡県福岡市早良区原4-7-28-403,【インボイス発行事業者】BLUESTARS SHOP〔全商品 シリアルNo撮影済〕,【インボイス発行事業者】BLUESTARS SHOP〔全商品 シリアルNo撮影済〕,成人、ネットショップ運営者,,,,,,◯
,,365_ルカ_7/10,,,Mon Feb 23 2026 00:00:00 GMT+0900 (Japan Standard Time),631412100003,ニンテンドー3DS LL (ミントXホワイト),https://www.amazon.co.jp/your-orders/order-details?orderID=503-8211528-3216621&ref=ppx_yo2ov_dt_b_fed_order_details,1,22980,503-8211528-3216621,兵庫県丹波篠山市黒岡４１ー１ ルミエール篠山Ａ棟１０３号,オンラインショップ黒岡本店,オンラインショップ黒岡本店,成人、ネットショップ運営者,,,,,,
,,365_ルカ_9/10,,,Mon Feb 23 2026 00:00:00 GMT+0900 (Japan Standard Time),駿河屋,中古ニンテンドー3DSハード ニンテンドー3DSLL本体 ホワイト,https://www.suruga-ya.jp/pcmypage/action_sell_search/detail?trade_code=S2602233183,1,20700,S2602233183,静岡市駿河区丸子新田317-1,駿河屋,駿河屋,成人、ネットショップ運営者,,,,,,◯
,,365_ルカ_10/10,,,Mon Feb 23 2026 00:00:00 GMT+0900 (Japan Standard Time),駿河屋,中古ニンテンドー3DSハード ニンテンドー3DSLL本体 ピンク×ホワイト,https://www.suruga-ya.jp/pcmypage/action_sell_search/detail?trade_code=S2602233183,1,21300,S2602233183-2,静岡市駿河区丸子新田317-1,駿河屋,駿河屋,成人、ネットショップ運営者,,,,,,◯
,,365_ルカ_8/10,,,Mon Feb 23 2026 12:33:00 GMT+0900 (Japan Standard Time),ペイペイフリマ,【美品】ニンテンドー 3DS LL ミント×ホワイト,https://paypayfleamarket-sec.yahoo.co.jp/item/z563028378/trade/buyer,1,22500,z563028378,東京都千代田区紀尾井町1-3 東京ガーデンテラス紀尾井町 紀尾井タワー,tct********,tct********,成人、ネットショップ運営者,,,,,,
,,362_サミー_20/20,,,Tue Feb 24 2026 00:00:00 GMT+0900 (Japan Standard Time),アマゾン,NINTENDO64 本体,https://www.amazon.co.jp/your-orders/order-details?orderID=503-1869285-9559832&ref=ppx_yo2ov_dt_b_fed_order_details,1,4996,503-1869285-9559832,神奈川県横浜市南区井土ヶ谷中町１２７－１－３０８,T2KS-Shop,T2KS-Shop,成人、ネットショップ運営者,,,,,,◯
,,367_ルカ_16/20,,,Tue Feb 24 2026 00:00:00 GMT+0900 (Japan Standard Time),541422000800,ニンテンドーDSi LL ブルー【メーカー生産終了】,https://www.amazon.co.jp/your-orders/order-details?orderID=503-2762522-6349452&ref=ppx_yo2ov_dt_b_fed_order_details,1,13000,503-2762522-6349452,愛知県名古屋市名東区藤森２丁目１１７ モンパレ藤森１０２,ホビーショップ タイガー （インボイス登録店）,ホビーショップ タイガー （インボイス登録店）,成人、ネットショップ運営者,,,,,,◯
,,367_ルカ_13/20,,,Tue Feb 24 2026 00:00:00 GMT+0900 (Japan Standard Time),621250133080,ニンテンドーDSi LL ワインレッド【メーカー生産終了】,https://www.amazon.co.jp/your-orders/order-details?orderID=503-7435004-2724628&ref=ppx_yo2ov_dt_b_fed_order_details,1,10808,503-7435004-2724628,大阪府大阪市西成区鶴見橋２－１０－２２,mari商店,mari商店,成人、ネットショップ運営者,,,,,,◯
,,367_ルカ_3/20,,,Tue Feb 24 2026 00:00:00 GMT+0900 (Japan Standard Time),541411801400,ニンテンドーDSi LL ブルー【メーカー生産終了】,https://www.amazon.co.jp/your-orders/order-details?orderID=503-9655000-2791834&ref=ppx_yo2ov_dt_b_fed_order_details,1,13680,503-9655000-2791834,愛知県名古屋市緑区藤塚３丁目１４０５,ウエストリテール【古物商許可番号】愛知県公安委員会：541411801400,ウエストリテール【古物商許可番号】愛知県公安委員会：541411801400,成人、ネットショップ運営者,,,,,,◯
,,367_ルカ_14/20,,,Tue Feb 24 2026 00:00:00 GMT+0900 (Japan Standard Time),431050039697,ニンテンドーDSi LL ワインレッド【メーカー生産終了】,https://www.amazon.co.jp/your-orders/order-details?orderID=503-9655000-2791834&ref=ppx_yo2ov_dt_b_fed_order_details,1,13813,503-9655000-2791834-2,神奈川県厚木市鳶尾５－１４－１６Ａ号,お宝エクスプレス【インボイス対応済】ご購入前に商品説明と写真をご確認下さい,お宝エクスプレス【インボイス対応済】ご購入前に商品説明と写真をご確認下さい,成人、ネットショップ運営者,,,,,,◯
,,367_ルカ_15/20,,,Tue Feb 24 2026 00:00:00 GMT+0900 (Japan Standard Time),731011900034,ニンテンドーDSi LL ダークブラウン【メーカー生産終了】,https://www.amazon.co.jp/your-orders/order-details?orderID=503-9655000-2791834&ref=ppx_yo2ov_dt_b_fed_order_details,1,12980,503-9655000-2791834-3,広島県広島市東区戸坂山崎町８－３７ コンフォール山崎１番館１０１号室,三浦オンラインストア 広島支店(インボイス登録店)【返金保証】「すり替え品模造品対策店舗で安心」,三浦オンラインストア 広島支店(インボイス登録店)【返金保証】「すり替え品模造品対策店舗で安心」,成人、ネットショップ運営者,,,,,,◯
,,367_ルカ_12/20,,,Tue Feb 24 2026 00:00:00 GMT+0900 (Japan Standard Time),62226R056049,ニンテンドーDSi LL ワインレッド【メーカー生産終了】,https://www.amazon.co.jp/your-orders/order-details?orderID=503-9655000-2791834&ref=ppx_yo2ov_dt_b_fed_order_details,1,9980,503-9655000-2791834-4,大阪府枚方市楠葉丘１－１１－４,RKUストア,RKUストア,成人、ネットショップ運営者,,,,,,
,,367_ルカ_8/20,,,Tue Feb 24 2026 00:00:00 GMT+0900 (Japan Standard Time),駿河屋,中古ニンテンドーDSハード ニンテンドーDSi LL本体 ブルー,https://www.suruga-ya.jp/pcmypage/action_sell_search/detail?trade_code=M2602240476,1,9770,M2602240476,埼玉県 川口市前川 1-1-11 イオンモール川口前川　3F,販売センターイオンモール川口前川店,販売センターイオンモール川口前川店,成人、ネットショップ運営者,,,,,,◯
,,在庫0224_2,,,Tue Feb 24 2026 00:00:00 GMT+0900 (Japan Standard Time),駿河屋,中古PSVITAハード PlayStation Vita本体<<3G/Wi-Fiモデル>>(クリスタル・ホワイト)[初回限定版][PCH-1100 AB02],https://www.suruga-ya.jp/pcmypage/action_sell_search/detail?trade_code=M2602240475,1,20840,M2602240475,富山県 富山市森 3丁目3-55,駿河屋 富山 北の森店,駿河屋 富山 北の森店,成人、ネットショップ運営者,,,,,,◯
,,367_ルカ_4/20,,,Tue Feb 24 2026 00:00:00 GMT+0900 (Japan Standard Time),駿河屋,中古ニンテンドーDSハード ニンテンドーDSi LL本体 ダークブラウン,https://www.suruga-ya.jp/pcmypage/action_sell_search/detail?trade_code=M2602240474,1,13450,M2602240474,千葉県 木更津市太田 2-5-1,駿河屋木更津店,駿河屋木更津店,成人、ネットショップ運営者,,,,,,◯
,,在庫0224_3,,,Tue Feb 24 2026 00:00:00 GMT+0900 (Japan Standard Time),駿河屋,中古PSVITAハード PlayStation Vita本体 Wi-Fiモデル アクア・ブルー[PCH-2000],https://www.suruga-ya.jp/pcmypage/action_sell_search/detail?trade_code=M2602240471,1,16360,M2602240471,宮城県 仙台市宮城野区東仙台 4-14-1,駿河屋　フォレオ東仙台店,駿河屋　フォレオ東仙台店,成人、ネットショップ運営者,,,,,,◯
,,在庫0224_1,,,Tue Feb 24 2026 00:00:00 GMT+0900 (Japan Standard Time),駿河屋,中古PSVITAハード PlayStation Vita本体<<3G/Wi-Fiモデル>>(クリスタル・ブラック)[数量限定版][PCH-1100 AB01],https://www.suruga-ya.jp/pcmypage/action_sell_search/detail?trade_code=M2602240472,1,16570,M2602240472,愛媛県 松山市大街道２ －５－９ 久保豊第１ビル 2階・3階,駿河屋 松山大街道店,駿河屋 松山大街道店,成人、ネットショップ運営者,,,,,,◯
,,367_ルカ_11/20,,,Tue Feb 24 2026 00:00:00 GMT+0900 (Japan Standard Time),駿河屋,中古ニンテンドーDSハード ニンテンドーDSi LL本体 イエロー,https://www.suruga-ya.jp/pcmypage/action_sell_search/detail?trade_code=M2602240466,1,11830,M2602240466,東京都 立川市曙町 2丁目42-1 パークアベニュー3F,駿河屋立川北口店,駿河屋立川北口店,成人、ネットショップ運営者,,,,,,◯
,,363_サミー_ブルー_7/10,,,Tue Feb 24 2026 00:00:00 GMT+0900 (Japan Standard Time),駿河屋,中古ニンテンドー3DSハード Newニンテンドー3DSLL本体 メタリックブルー,https://www.suruga-ya.jp/pcmypage/action_sell_search/detail?trade_code=M2602240466,1,25000,M2602240466-2,東京都 立川市曙町 2丁目42-1 パークアベニュー3F,駿河屋立川北口店,駿河屋立川北口店,成人、ネットショップ運営者,,,,,,◯
,,367_ルカ_5/20,,,Tue Feb 24 2026 00:00:00 GMT+0900 (Japan Standard Time),駿河屋,中古ニンテンドーDSハード ニンテンドーDSi LL本体 ナチュラルホワイト,https://www.suruga-ya.jp/pcmypage/action_sell_search/detail?trade_code=M2602240470,1,14390,M2602240470,鹿児島県 鹿児島市中町 ３－１５ ヴィストラルビル,駿河屋天文館店,駿河屋天文館店,成人、ネットショップ運営者,,,,,,◯
,,367_ルカ_2/20,,,Tue Feb 24 2026 00:00:00 GMT+0900 (Japan Standard Time),駿河屋,中古ニンテンドーDSハード ニンテンドーDSi LL本体 ダークブラウ,https://www.suruga-ya.jp/pcmypage/action_sell_search/detail?trade_code=S2602240465,1,11200,S2602240465,静岡市駿河区丸子新田317-1,駿河屋,駿河屋,成人、ネットショップ運営者,,,,,,◯
,,367_ルカ_7/20,,,Tue Feb 24 2026 00:00:00 GMT+0900 (Japan Standard Time),駿河屋,中古ニンテンドーDSハード ニンテンドーDSi LL本体 ワインレッド,https://www.suruga-ya.jp/pcmypage/action_sell_search/detail?trade_code=S2602240465,1,13200,S2602240465-2,静岡市駿河区丸子新田317-1,駿河屋,駿河屋,成人、ネットショップ運営者,,,,,,◯
,,367_ルカ_17/20,,,Wed Feb 25 2026 00:00:00 GMT+0900 (Japan Standard Time),駿河屋,中古ニンテンドーDSハード ニンテンドーDSi LL本体 ダークブラウン,https://www.suruga-ya.jp/pcmypage/action_sell_search/detail?trade_code=M2602250759,1,9340,M2602250759,北海道 函館市美原 3-53-46,ブックマーケット函館美原店 Supported by 駿河屋,ブックマーケット函館美原店 Supported by 駿河屋,成人、ネットショップ運営者,,,,,,◯
,,367_ルカ_18/20,,,Wed Feb 25 2026 00:00:00 GMT+0900 (Japan Standard Time),駿河屋,中古ニンテンドーDSハード ニンテンドーDSi LL本体 ナチュラルホワイト,https://www.suruga-ya.jp/pcmypage/action_sell_search/detail?trade_code=M2602250761,1,15200,M2602250761,栃木県 矢板市末広町 ２０－１ 2F,駿河屋矢板店,駿河屋矢板店,成人、ネットショップ運営者,,,,,,◯
,,367_ルカ_19/20,,,Wed Feb 25 2026 00:00:00 GMT+0900 (Japan Standard Time),駿河屋,中古ニンテンドーDSハード ニンテンドーDSi LL本体 イエロー,https://www.suruga-ya.jp/pcmypage/action_sell_search/detail?trade_code=M2602250760,1,15360,M2602250760,埼玉県 本庄市南 1-2-10 MEGAドン・キホーテUNY本庄店 2F,駿河屋本庄店,駿河屋本庄店,成人、ネットショップ運営者,,,,,,◯
,,363_サミー_ホワイト_9/10,,,Thu Feb 26 2026 00:00:00 GMT+0900 (Japan Standard Time),アマゾン,New ニンテンドー3DS LL パールホワイト,https://www.amazon.co.jp/your-orders/order-details?orderID=503-7897234-9273409&ref=ppx_yo2ov_dt_b_fed_order_details,1,30965,503-7897234-9273409,神奈川県横浜市保土ヶ谷区岩井町１２３−２ ２−５１０,Y&Kdesign工房,Y&Kdesign工房,成人、ネットショップ運営者,,,,,,
,,367_ルカ_20/20,,,Thu Feb 26 2026 00:00:00 GMT+0900 (Japan Standard Time),駿河屋,中古ニンテンドーDSハード ニンテンドーDSi LL本体 ダークブラウン,https://www.suruga-ya.jp/pcmypage/action_sell_search/detail?trade_code=M2602262065,1,14350,M2602262065,愛知県 名古屋市中区栄 3-8-14 6階7階,駿河屋 名古屋栄店,駿河屋 名古屋栄店,成人、ネットショップ運営者,,,,,,◯
,,367_ルカ_1/20,,,Thu Feb 26 2026 00:00:00 GMT+0900 (Japan Standard Time),駿河屋,中古ニンテンドーDSハード ニンテンドーDSi LL本体 ナチュラルホワイト,https://www.suruga-ya.jp/pcmypage/action_sell_search/detail?trade_code=M2602262063,1,8810,M2602262063,北海道 札幌市中央区南３条西５丁目 １-１ ノルベサ３Ｆ,駿河屋札幌ノルベサ店,駿河屋札幌ノルベサ店,成人、ネットショップ運営者,,,,,,◯
,,367_ルカ_9/20,,,Fri Feb 27 2026 20:11:00 GMT+0900 (Japan Standard Time),ヤフオク,【動作確認済み】任天堂 ニンテンドーDSiLL イエロー★おまけソフト『どうぶつの森』付,https://contact.auctions.yahoo.co.jp/buyer/top?aid=r1219557976&seller_auc_user_id=99uD9m7BhwgBrmQkgR7btsqjyh3aF&buyer_auc_user_id=967fTrHunXhg5k9Wh3QRy126peC5X&oid=78635890-0972190717-9870337,1,12940,r1219557976,東京都千代田区紀尾井町1-3 東京ガーデンテラス紀尾井町 紀尾井タワー,sf9********,sf9********,成人、ネットショップ運営者,,,,,,
,,367_ルカ_10/20,,,Fri Feb 27 2026 22:57:00 GMT+0900 (Japan Standard Time),511010007835,【動作品】ニンテンドーDSi LL本体（UTL-001/ダークブラウン） ニンテンドーDS,https://buy.auctions.yahoo.co.jp/order/status?auctionId=x1220760390,1,12310,x1220760390,石川県野々市市上林4丁目477番,レトログ,レトログ,成人、ネットショップ運営者,,,,,,◯
,,367_ルカ_6/20,,,Sat Feb 28 2026 00:00:00 GMT+0900 (Japan Standard Time),駿河屋,中古ニンテンドーDSハード ニンテンドーDSi LL本体 ダークブラウン タッチペン欠品,https://www.suruga-ya.jp/pcmypage/action_sell_search/detail?trade_code=S2602281002,1,14000,S2602281002,静岡市駿河区丸子新田317-1,駿河屋,駿河屋,成人、ネットショップ運営者,,,,,,◯
,,369_ルカ_ブラック_2/10,,,Sun Mar 08 2026 00:00:00 GMT+0900 (Japan Standard Time),駿河屋,中古PSVITAハード PlayStation Vita本体<<Wi-Fiモデル>>(クリスタル・ブラック)[PCH-1000 ZA01],https://www.suruga-ya.jp/pcmypage/action_sell_search/detail?trade_code=M2603081067,1,23770,M2603081067,岐阜県 岐阜市正木中 １-２-1 マーサ 21 東館3階,駿河屋 岐阜マーサ21店,駿河屋 岐阜マーサ21店,成人、ネットショップ運営者,,,,,,
,,369_ルカ_ブラック_4/10,,,Sun Mar 08 2026 00:00:00 GMT+0900 (Japan Standard Time),駿河屋,中古PSVITAハード PlayStation Vita本体<<3G/Wi-Fiモデル>>(クリスタル・ブラック)[数量限定版][PCH-1100 AB01],https://www.suruga-ya.jp/pcmypage/action_sell_search/detail?trade_code=S2603081062,1,22500,S2603081062-2,静岡市駿河区丸子新田317-1,駿河屋,駿河屋,成人、ネットショップ運営者,,,,,,
,,369_ルカ_ブラック_6/10,,,Sun Mar 08 2026 00:00:00 GMT+0900 (Japan Standard Time),駿河屋,中古PSVITAハード PlayStation Vita本体<<3G / Wi-Fiモデル>>(クリスタル・ブラック)[初回限定版][PCH-1100 AA01] 箱・説明書欠け,https://www.suruga-ya.jp/pcmypage/action_sell_search/detail?trade_code=S2603081062,1,22400,S2603081062-3,静岡市駿河区丸子新田317-1,駿河屋,駿河屋,成人、ネットショップ運営者,,,,,,
,,369_ルカ_ブラック_3/10,,,Sun Mar 08 2026 00:00:00 GMT+0900 (Japan Standard Time),駿河屋,中古PSVITAハード PlayStation Vita本体<<Wi-Fiモデル>>(クリスタル・ブラック)[PCH-1000 ZA01],https://www.suruga-ya.jp/pcmypage/action_sell_search/detail?trade_code=S2603081062,1,24000,S2603081062-5,静岡市駿河区丸子新田317-1,駿河屋,駿河屋,成人、ネットショップ運営者,,,,,,
,,369_ルカ_ブラック_5/10,,,Sun Mar 08 2026 00:00:00 GMT+0900 (Japan Standard Time),駿河屋,中古PSVITAハード PlayStation Vita本体<<3G/Wi-Fiモデル>>(クリスタル・ブラック)[数量限定版][PCH-1100 AB01],https://www.suruga-ya.jp/pcmypage/action_sell_search/detail?trade_code=M2603081063,1,22811,M2603081063,福島県 福島市笹谷 字稲場28-12,ブックマーケット福島北店 Supported by 駿河屋,ブックマーケット福島北店 Supported by 駿河屋,成人、ネットショップ運営者,,,,,,
,,369_ルカ_ブラック_7/10,,,Sun Mar 08 2026 00:00:00 GMT+0900 (Japan Standard Time),駿河屋,中古PSVITAハード PlayStation Vita本体<<3G / Wi-Fiモデル>>(クリスタル・ブラック)[初回限定版][PCH-1100 AA01],https://www.suruga-ya.jp/pcmypage/action_sell_search/detail?trade_code=M2603081064,1,24300,M2603081064,東京都 町田市旭町1丁目 24-1 ままともプラザ町田2階,駿河屋 町田旭町店,駿河屋 町田旭町店,成人、ネットショップ運営者,,,,,,
,,369_ルカ_ブラック_1/10,,,Sun Mar 08 2026 00:00:00 GMT+0900 (Japan Standard Time),駿河屋,中古PSVITAハード PlayStation Vita本体<<Wi-Fiモデル>>(クリスタル・ブラック)[PCH-1000 ZA01],https://www.suruga-ya.jp/pcmypage/action_sell_search/detail?trade_code=M2603081065,1,22800,M2603081065,千葉県 市原市更級 4丁目-1-24,駿河屋 市原五井店,駿河屋 市原五井店,成人、ネットショップ運営者,,,,,,
,,369_ルカ_ブルー_4/5,,,Sun Mar 08 2026 00:00:00 GMT+0900 (Japan Standard Time),アマゾン,PlayStationVita 3G/Wi-Fiモデル サファイア・ブルー 限定版 (PCH-1100 AB04),https://www.amazon.co.jp/your-orders/order-details?orderID=503-4372495-7832645&ref=ppx_yo2ov_dt_b_fed_order_details,1,23470,503-4372495-7832645,大阪府大阪市東淀川区東中島１－２０－１９,インボイス登録DoT※毎日配送実施店※,インボイス登録DoT※毎日配送実施店※,成人、ネットショップ運営者,,,,,,
,,369_ルカ_ブルー_1/5,,,Sun Mar 08 2026 00:00:00 GMT+0900 (Japan Standard Time),アマゾン,PlayStationVita Wi-Fiモデル サファイア・ブルー (PCH-1000 ZA04) 【メーカー生産終了】,https://www.amazon.co.jp/your-orders/order-details?orderID=503-4372495-7832645&ref=ppx_yo2ov_dt_b_fed_order_details,1,21950,503-4372495-7832645-2,大阪府大阪市東淀川区東中島１－２０－１９,インボイス登録DoT※毎日配送実施店※,インボイス登録DoT※毎日配送実施店※,成人、ネットショップ運営者,,,,,,
,,369_ルカ_ブルー_2/5,,,Sun Mar 08 2026 00:00:00 GMT+0900 (Japan Standard Time),541162011300,PlayStationVita Wi-Fiモデル サファイア・ブルー (PCH-1000 ZA04) 【メーカー生産終了】,https://www.amazon.co.jp/your-orders/order-details?orderID=503-4796537-5720621&ref=ppx_yo2ov_dt_b_fed_order_details,1,21950,503-4796537-5720621,愛知県名古屋市中区栄五丁目２６番３９号 ＧＳ栄ビル７０２,ゲーム専門店 ★E-GAMES★,ゲーム専門店 ★E-GAMES★,成人、ネットショップ運営者,,,,,,
,,369_ルカ_ブルー_3/5,,,Sun Mar 08 2026 00:00:00 GMT+0900 (Japan Standard Time),731011900034,PlayStationVita Wi-Fiモデル サファイア・ブルー (PCH-1000 ZA04) 【メーカー生産終了】,https://www.amazon.co.jp/your-orders/order-details?orderID=503-7879891-5662232&ref=ppx_yo2ov_dt_b_fed_order_details,1,22980,503-7879891-5662232,広島県広島市東区戸坂山崎町８－３７ コンフォール山崎１番館１０１号室,三浦オンラインストア 広島支店(インボイス登録店)【返金保証】「すり替え品模造品対策店舗で安心」,三浦オンラインストア 広島支店(インボイス登録店)【返金保証】「すり替え品模造品対策店舗で安心」,成人、ネットショップ運営者,,,,,,
,,369_ルカ_ブラック_8/10&9/10,,,Mon Mar 09 2026 00:00:00 GMT+0900 (Japan Standard Time),駿河屋,中古PSVITAハード PlayStation Vita本体<<3G/Wi-Fiモデル>>(クリスタル・ブラック)[数量限定版][PCH-1100 AB01],https://www.suruga-ya.jp/pcmypage/action_sell_search/detail?trade_code=S2603090409,2,47000,S2603090409,静岡市駿河区丸子新田317-1,駿河屋,駿河屋,成人、ネットショップ運営者,,,,,,
,,369_ルカ_ブラック_10/10,,,Mon Mar 09 2026 00:00:00 GMT+0900 (Japan Standard Time),駿河屋,中古PSVITAハード PlayStation Vita本体<<3G / Wi-Fiモデル>>(クリスタル・ブラック)[初回限定版][PCH-1100 AA01],https://www.suruga-ya.jp/pcmypage/action_sell_search/detail?trade_code=M2603090411,1,24820,M2603090411,愛知県 東海市荒尾町別出シ 1-3 精文館書店2F,駿河屋 東海荒尾店,駿河屋 東海荒尾店,成人、ネットショップ運営者,,,,,,
,,369_ルカ_レッド_2/5,,,Mon Mar 09 2026 00:00:00 GMT+0900 (Japan Standard Time),901082310024,PlayStationVita Wi-Fiモデル コズミック・レッド (PCH-1000 ZA03) 【メーカー生産終了】,https://www.amazon.co.jp/your-orders/order-details?orderID=503-1651858-9716622&ref=ppx_yo2ov_dt_b_fed_order_details,1,21980,503-1651858-9716622,福岡県福岡市西区富士見２－２０－７ ソレイユⅡ Ａ－１０３,ykt.bang-shop,ykt.bang-shop,成人、ネットショップ運営者,,,,,,
,,369_ルカ_レッド_3/5,,,Mon Mar 09 2026 00:00:00 GMT+0900 (Japan Standard Time),431050062956,PlayStationVita Wi-Fiモデル コズミック・レッド (PCH-1000 ZA03) 【メーカー生産終了】,https://www.amazon.co.jp/your-orders/order-details?orderID=503-5086550-3840631&ref=ppx_yo2ov_dt_b_fed_order_details,1,23480,503-5086550-3840631,埼玉県草加市両新田西町３８番 ベルレージュ２０１,623 ONLINE SHOP,623 ONLINE SHOP,成人、ネットショップ運営者,,,,,,
,,369_ルカ_レッド_4/5,,,Mon Mar 09 2026 15:09:00 GMT+0900 (Japan Standard Time),ペイペイフリマ,【美品】PlayStation Vita Wi-Fiモデル コズミック・レッド,https://paypayfleamarket.yahoo.co.jp/item/z570993630,1,26900,z570993630,東京都千代田区紀尾井町1-3 東京ガーデンテラス紀尾井町 紀尾井タワー,tct********,tct********,成人、ネットショップ運営者,,,,,,
,,363_サミー_レッド_9/10,,,Tue Mar 10 2026 00:00:00 GMT+0900 (Japan Standard Time),駿河屋,中古ニンテンドー3DSハード Newニンテンドー3DSLL本体 メタリックレッド,https://www.suruga-ya.jp/pcmypage/action_sell_search/detail?trade_code=M2603101025,1,27600,M2603101025,茨城県 ひたちなか市新光町 35,駿河屋 ひたちなかFC店,駿河屋 ひたちなかFC店,成人、ネットショップ運営者,,,,,,
,,在庫0310_1,,,Tue Mar 10 2026 00:00:00 GMT+0900 (Japan Standard Time),駿河屋,中古ニンテンドー3DSハード Newニンテンドー3DSLL本体 メタリックレッド,https://www.suruga-ya.jp/pcmypage/action_sell_search/detail?trade_code=M2603101024,1,24800,M2603101024,愛知県 名古屋市瑞穂区新開町 １８－２２ 3F,駿河屋 名古屋新開橋店,駿河屋 名古屋新開橋店,成人、ネットショップ運営者,,,,,,
,,369_ルカ_レッド_5/5,,,Tue Mar 10 2026 00:00:00 GMT+0900 (Japan Standard Time),駿河屋,PSVita本体 コズミック・レッド(Wi-Fi),https://www.suruga-ya.jp/pcmypage/action_sell_search/detail?trade_code=M2603101023,1,17110,M2603101023,埼玉県 鴻巣市袋 90-1 FUJI MALL 吹上　2Ｆ,駿河屋 鴻巣吹上店,駿河屋 鴻巣吹上店,成人、ネットショップ運営者,,,,,,
,,369_ルカ_ブラック_7/10,,,Wed Mar 11 2026 00:00:00 GMT+0900 (Japan Standard Time),アマゾン,PlayStation Vita (プレイステーション ヴィータ) 3G/Wi‐Fiモデル クリスタル・ブラック (初回限定版) (PCH-1100 AA01)【メーカー生産終了】,https://www.amazon.co.jp/your-orders/order-details?orderID=503-1879243-0781458&ref=ppx_yo2ov_dt_b_fed_order_details,1,18800,503-1879243-0781458,徳島県板野郡藍住町住吉字乾８１－８,Aspida store,Aspida store,成人、ネットショップ運営者,,,,,,
,,359_サミー_4/20,,,Wed Mar 11 2026 00:00:00 GMT+0900 (Japan Standard Time),駿河屋,中古ニンテンドー3DSハード ニンテンドー3DS本体 アクアブルー,https://www.suruga-ya.jp/pcmypage/action_sell_search/detail?trade_code=M2603114600,1,10920,M2603114600,茨城県 ひたちなか市新光町 35,駿河屋 ひたちなかFC店,駿河屋 ひたちなかFC店,成人、ネットショップ運営者,,,,,,
,,369_ルカ_レッド_1/5,,,Sun Mar 15 2026 00:00:00 GMT+0900 (Japan Standard Time),アマゾン,PlayStationVita Wi-Fiモデル コズミック・レッド (PCH-1000 ZA03) 【メーカー生産終了】,https://www.amazon.co.jp/your-orders/order-details?orderID=503-4425065-0657469&ref=ppx_yo2ov_dt_b_fed_order_details,1,19780,503-4425065-0657469,茨城県日立市折笠町２４,select store　（商品説明文を良くお読みください）,select store　（商品説明文を良くお読みください）,成人、ネットショップ運営者,,,,,,
,,369_ルカ_ブルー_5/5,,,Sun Mar 15 2026 00:00:00 GMT+0900 (Japan Standard Time),アマゾン,PlayStationVita 3G/Wi-Fiモデル サファイア・ブルー 限定版 (PCH-1100 AB04),https://www.amazon.co.jp/your-orders/order-details?orderID=503-5669006-9820630&ref=ppx_yo2ov_dt_b_fed_order_details,1,23470,503-5669006-9820630,大阪府大阪市東淀川区東中島１－２０－１９,インボイス登録DoT※毎日配送実施店※,インボイス登録DoT※毎日配送実施店※,成人、ネットショップ運営者,,,,,,
,,368_ルカ_1/15,,,Sun Mar 15 2026 14:34:00 GMT+0900 (Japan Standard Time),ペイペイフリマ,SONY PlayStationVita PCH-2000 ブラック,https://paypayfleamarket-sec.yahoo.co.jp/item/z575586064/trade/buyer,1,17500,z575586064,東京都千代田区紀尾井町1-3 東京ガーデンテラス紀尾井町 紀尾井タワー,roll,roll,成人、ネットショップ運営者,,,,,,